run_id,snapshot_time_utc,date,hour,minute,market_phase,asset_class,root_symbol,watch_type,event_id,market_id,question,slug,yes_token_id,no_token_id,yes_price,no_price,mid_price,volume_total,liquidity,open_interest,match_score,selection_score,fetch_status,source_api
c89f93c0,2026-03-08T13:12:23.114992+00:00,2026-03-08,13,12,pre,crypto,PRESIDENTIAL,dynamic,31552,561263,Will Eric Trump win the 2028 US Presidential Election?,will-eric-trump-win-the-2028-us-presidential-election,67028631656597977031363620447645908995417871899828777750494099295092202422178,92435534412344629891924787958876018882926476169555134960124357040149315497159,0.0085,0.9915,0.0084999999999999,2569808.818469998,991336.248,0.0,0.5,194786832.2964705,ok,gamma/events
c89f93c0,2026-03-08T13:12:23.114992+00:00,2026-03-08,13,12,pre,crypto,BTC,fixed,238474,1473040,"Will Bitcoin reach $150,000 in March?",will-bitcoin-reach-150k-in-march-2026,73624432805780182150964443951045800666977811185963019133914618974858599458273,1666184515532238710431784265702709312060757077236443477960106115591255115343,0.0045,0.9955,0.0044999999999999,6876803.463892931,943717.13815,0.0,0.5,12574559.887033468,ok,gamma/events
c89f93c0,2026-03-08T13:12:23.114992+00:00,2026-03-08,13,12,pre,crypto,ETH,fixed,31759,561829,"Russia x Ukraine ceasefire by March 31, 2026?",russia-x-ukraine-ceasefire-by-march-31-2026,24394670903706558879845790079760859552309100903651562795058188175118941818512,82991837887127223585838300135823820957946688171642633953055760547186260528157,0.0205,0.9795,0.0204999999999999,23279106.761684418,305456.01144,0.0,0.5,11731190.18427421,ok,gamma/events
c89f93c0,2026-03-08T13:12:23.114992+00:00,2026-03-08,13,12,pre,crypto,SOL,fixed,30829,559657,Will Stephen A. Smith win the 2028 Democratic presidential nomination?,will-stephen-a-smith-win-the-2028-democratic-presidential-nomination-914,60590045489347122735554346200880179420435533609307820342798544098823516727807,76005700027045000587004110133818166617024719626220722682005164003117993034812,0.0165,0.9835,0.0164999999999999,11434004.677769218,321626.03395,0.0,0.5,403737998.2278496,ok,gamma/events
c89f93c0,2026-03-08T13:12:23.114992+00:00,2026-03-08,13,12,pre,stock,DJIA,dynamic,249805,1514769,Dow Jones (DJIA) Up or Down on March 9?,djia-up-or-down-on-march-9-2026,52516203409703075672050598502631401237159620104509085217445194025340571273037,3325603703301725367238452019913262249722618961182730781916327109169913321155,0.345,0.655,0.345,11697.637794999995,1852.5094,0.0,0.5,6404.571717499997,ok,gamma/events
c89f93c0,2026-03-08T13:12:23.114992+00:00,2026-03-08,13,12,pre,stock,RUT,dynamic,249817,1514793,Russell 2000 (RUT) Up or Down on March 9?,rut-up-or-down-on-march-9-2026,57428543285287597341528689686699296250539981454415394325965394964030076863268,104892791197413121166517940200456279179205094506569283136340591607043161489989,0.63,0.37,0.63,34323.375497000015,813.6889,0.0,0.5,17405.79441850001,ok,gamma/events
c89f93c0,2026-03-08T13:12:23.114992+00:00,2026-03-08,13,12,pre,stock,AAPL,fixed,249781,1514702,Apple (AAPL) Up or Down on March 9?,aapl-up-or-down-on-march-9-2026,19808226147348083897031959012798230973450854960848627704456912704664532346436,13406518761729931961851615682453860241282457569552758228894677915615681094572,0.375,0.625,0.375,3684.716292,583.3733,0.0,1.0,2017.370136,ok,gamma/events
c89f93c0,2026-03-08T13:12:23.114992+00:00,2026-03-08,13,12,pre,stock,AMZN,fixed,249797,1514757,Amazon (AMZN) Up or Down on March 9?,amzn-up-or-down-on-march-9-2026,80021219607008516528277442260193352185410153761966836886502140161998011892162,108853950520272559879130318602344824962632416557435331993641412412547807514702,0.5,0.5,0.5,34.0,273.3679,0.0,1.0,99.01037,ok,gamma/events
c89f93c0,2026-03-08T13:12:23.114992+00:00,2026-03-08,13,12,pre,stock,GOOGL,fixed,249802,1514766,Google (GOOGL) Up or Down on March 9?,googl-up-or-down-on-march-9-2026,44094010161024409927882814596723998290878704424720501457902745248193279794638,44108991473389127286246908894094910158330910061089014013289228154594781444101,0.52,0.48,0.52,4389.514246999997,2481.4326,0.0,1.0,2939.1869034999986,ok,gamma/events
c89f93c0,2026-03-08T13:12:23.114992+00:00,2026-03-08,13,12,pre,stock,META,fixed,249807,1514776,Meta (META) Up or Down on March 9?,meta-up-or-down-on-march-9-2026,73166033314283110009347257655712887226811646343697308703062045958407983472737,87372177300150091355978158066364872197704591449573578077878286609425513279007,0.5,0.5,0.5,0.0,279.6997,0.0,0.3333333333333333,83.90991,ok,gamma/events
c89f93c0,2026-03-08T13:12:23.114992+00:00,2026-03-08,13,12,pre,stock,MSFT,fixed,249788,1514728,Microsoft (MSFT) Up or Down on March 9?,msft-up-or-down-on-march-9-2026,17932175904709841050757450376495648544912859661747335309477900452831421905943,10849812493464692234971662275320979942310477817346053571126235137496324339560,0.5,0.5,0.5,16.388885,241.9797,0.0,1.0,80.78835249999999,ok,gamma/events
c89f93c0,2026-03-08T13:12:23.114992+00:00,2026-03-08,13,12,pre,stock,NVDA,fixed,249814,1514788,NVIDIA (NVDA) Up or Down on March 9?,nvda-up-or-down-on-march-9-2026,107731417537085896064617291253564218357600872887497859202931430206765912668795,30716536267704046180051595697181677132234959571791300574305038309444561758532,0.41,0.59,0.41,276.317408,428.0564,0.0,1.0,266.575624,ok,gamma/events
c89f93c0,2026-03-08T13:12:23.114992+00:00,2026-03-08,13,12,pre,stock,QQQ,fixed,249800,1514760,Nasdaq 100 (NDX) Up or Down on March 9?,ndx-up-or-down-on-march-9-2026,41077923857005684486434331436029649826844080557432727127668986516421384271531,42817902740054886564815045991365263663087863431558705933010902738071429912105,0.42,0.58,0.42,5379.236709000002,2506.4016,0.0,0.5,3441.538834500001,ok,gamma/events
c89f93c0,2026-03-08T13:12:23.114992+00:00,2026-03-08,13,12,pre,stock,SPY,fixed,249779,1514700,S&P 500 (SPX) Opens Up or Down on March 9?,spx-opens-up-or-down-on-march-9-2026,41751941435480152233706903670604775275958258669449302421717366992676747977614,45379801591097220611191398942520142321696792130314686981119830430212386629543,0.24,0.76,0.24,24621.681445999984,6648.8093,0.0,0.5,14305.483512999992,ok,gamma/events
c89f93c0,2026-03-08T13:12:23.114992+00:00,2026-03-08,13,12,pre,stock,TSLA,fixed,249811,1514783,Tesla (TSLA) Up or Down on March 9?,tsla-up-or-down-on-march-9-2026,113248621371775075995138979725094566101118806835417857921889574420383030829670,112523302540312047709742559845090679057036326487943124442344035385727378289601,0.48,0.52,0.48,3092.658483,387.5099,0.0,1.0,1662.5822115,ok,gamma/events
e27934c5,2026-03-08T13:14:04.947704+00:00,2026-03-08,13,14,pre,crypto,DEMOCRATIC,dynamic,30829,559657,Will Stephen A. Smith win the 2028 Democratic presidential nomination?,will-stephen-a-smith-win-the-2028-democratic-presidential-nomination-914,60590045489347122735554346200880179420435533609307820342798544098823516727807,76005700027045000587004110133818166617024719626220722682005164003117993034812,0.0165,0.9835,0.0164999999999999,11434004.677769218,321859.53187,0.0,0.5,403737998.2278496,ok,gamma/events
e27934c5,2026-03-08T13:14:04.947704+00:00,2026-03-08,13,14,pre,crypto,BTC,fixed,238474,1473040,"Will Bitcoin reach $150,000 in March?",will-bitcoin-reach-150k-in-march-2026,73624432805780182150964443951045800666977811185963019133914618974858599458273,1666184515532238710431784265702709312060757077236443477960106115591255115343,0.0045,0.9955,0.0044999999999999,6878266.194392932,944097.66396,0.0,0.5,12574559.887033468,ok,gamma/events
e27934c5,2026-03-08T13:14:04.947704+00:00,2026-03-08,13,14,pre,crypto,ETH,fixed,238477,1473042,"Will Ethereum reach $4,000 in March?",will-ethereum-reach-4000-in-march-2026,92799638496729089763862479001246438916119767115127271751533536527866552478834,57817609187638877082051374086608861977598876793124526827718549020543647406808,0.0035,0.9965,0.0034999999999999,1242796.6546320051,402582.94876,0.0,0.5,3622423.267121503,ok,gamma/events
e27934c5,2026-03-08T13:14:04.947704+00:00,2026-03-08,13,14,pre,crypto,SOL,fixed,238486,1473180,Will Solana reach $160 in March?,will-solana-reach-160-in-march-2026,51434052264606521391274701895857060356227817928326328302355650201056386833442,56366864139724987693887346001806540156648993876362424578246425481555539891929,0.0045,0.9955,0.0044999999999999,342433.78580700053,54486.30772,0.0,0.5,821991.5268705001,ok,gamma/events
e27934c5,2026-03-08T13:14:04.947704+00:00,2026-03-08,13,14,pre,stock,DJIA,dynamic,249805,1514769,Dow Jones (DJIA) Up or Down on March 9?,djia-up-or-down-on-march-9-2026,52516203409703075672050598502631401237159620104509085217445194025340571273037,3325603703301725367238452019913262249722618961182730781916327109169913321155,0.345,0.655,0.345,11697.637794999995,1852.5094,0.0,0.5,6404.571717499997,ok,gamma/events
e27934c5,2026-03-08T13:14:04.947704+00:00,2026-03-08,13,14,pre,stock,RUT,dynamic,249817,1514793,Russell 2000 (RUT) Up or Down on March 9?,rut-up-or-down-on-march-9-2026,57428543285287597341528689686699296250539981454415394325965394964030076863268,104892791197413121166517940200456279179205094506569283136340591607043161489989,0.63,0.37,0.63,34323.375497000015,813.6889,0.0,0.5,17405.79441850001,ok,gamma/events
e27934c5,2026-03-08T13:14:04.947704+00:00,2026-03-08,13,14,pre,stock,AAPL,fixed,249781,1514702,Apple (AAPL) Up or Down on March 9?,aapl-up-or-down-on-march-9-2026,19808226147348083897031959012798230973450854960848627704456912704664532346436,13406518761729931961851615682453860241282457569552758228894677915615681094572,0.375,0.625,0.375,3684.716292,583.3733,0.0,1.0,2017.370136,ok,gamma/events
e27934c5,2026-03-08T13:14:04.947704+00:00,2026-03-08,13,14,pre,stock,AMZN,fixed,249797,1514757,Amazon (AMZN) Up or Down on March 9?,amzn-up-or-down-on-march-9-2026,80021219607008516528277442260193352185410153761966836886502140161998011892162,108853950520272559879130318602344824962632416557435331993641412412547807514702,0.5,0.5,0.5,34.0,273.3679,0.0,1.0,99.01037,ok,gamma/events
e27934c5,2026-03-08T13:14:04.947704+00:00,2026-03-08,13,14,pre,stock,GOOGL,fixed,249802,1514766,Google (GOOGL) Up or Down on March 9?,googl-up-or-down-on-march-9-2026,44094010161024409927882814596723998290878704424720501457902745248193279794638,44108991473389127286246908894094910158330910061089014013289228154594781444101,0.52,0.48,0.52,4389.514246999997,2481.4326,0.0,1.0,2939.1869034999986,ok,gamma/events
e27934c5,2026-03-08T13:14:04.947704+00:00,2026-03-08,13,14,pre,stock,META,fixed,249807,1514776,Meta (META) Up or Down on March 9?,meta-up-or-down-on-march-9-2026,73166033314283110009347257655712887226811646343697308703062045958407983472737,87372177300150091355978158066364872197704591449573578077878286609425513279007,0.5,0.5,0.5,0.0,279.6997,0.0,0.3333333333333333,83.90991,ok,gamma/events
e27934c5,2026-03-08T13:14:04.947704+00:00,2026-03-08,13,14,pre,stock,MSFT,fixed,249788,1514728,Microsoft (MSFT) Up or Down on March 9?,msft-up-or-down-on-march-9-2026,17932175904709841050757450376495648544912859661747335309477900452831421905943,10849812493464692234971662275320979942310477817346053571126235137496324339560,0.5,0.5,0.5,16.388885,241.9797,0.0,1.0,80.78835249999999,ok,gamma/events
e27934c5,2026-03-08T13:14:04.947704+00:00,2026-03-08,13,14,pre,stock,NVDA,fixed,249814,1514788,NVIDIA (NVDA) Up or Down on March 9?,nvda-up-or-down-on-march-9-2026,107731417537085896064617291253564218357600872887497859202931430206765912668795,30716536267704046180051595697181677132234959571791300574305038309444561758532,0.41,0.59,0.41,276.317408,428.0564,0.0,1.0,266.575624,ok,gamma/events
e27934c5,2026-03-08T13:14:04.947704+00:00,2026-03-08,13,14,pre,stock,QQQ,fixed,249800,1514760,Nasdaq 100 (NDX) Up or Down on March 9?,ndx-up-or-down-on-march-9-2026,41077923857005684486434331436029649826844080557432727127668986516421384271531,42817902740054886564815045991365263663087863431558705933010902738071429912105,0.42,0.58,0.42,5395.630150000002,2500.564,0.0,0.5,3441.538834500001,ok,gamma/events
e27934c5,2026-03-08T13:14:04.947704+00:00,2026-03-08,13,14,pre,stock,SPY,fixed,249779,1514700,S&P 500 (SPX) Opens Up or Down on March 9?,spx-opens-up-or-down-on-march-9-2026,41751941435480152233706903670604775275958258669449302421717366992676747977614,45379801591097220611191398942520142321696792130314686981119830430212386629543,0.24,0.76,0.24,24621.681445999984,6648.8093,0.0,0.5,14305.483512999992,ok,gamma/events
e27934c5,2026-03-08T13:14:04.947704+00:00,2026-03-08,13,14,pre,stock,TSLA,fixed,249811,1514783,Tesla (TSLA) Up or Down on March 9?,tsla-up-or-down-on-march-9-2026,113248621371775075995138979725094566101118806835417857921889574420383030829670,112523302540312047709742559845090679057036326487943124442344035385727378289601,0.48,0.52,0.48,3092.658483,387.5099,0.0,1.0,1662.5822115,ok,gamma/events
d8f6a25e,2026-03-08T13:15:49.055221+00:00,2026-03-08,13,15,pre,crypto,WHAT,dynamic,89502,701486,"Will Bitcoin reach $200,000 by December 31, 2026?",will-bitcoin-reach-200000-by-december-31-2026-752-232-389,61368943128255287414565270336856615453000675377332178800733742873558311943412,96993471854400156408670527613150944443359272190785251193551242374636006072800,0.044,0.956,0.044,729528.1053230002,64221.0463,0.0,0.5,11994426.019446474,ok,gamma/events
d8f6a25e,2026-03-08T13:15:49.055221+00:00,2026-03-08,13,15,pre,crypto,BTC,fixed,238474,1473040,"Will Bitcoin reach $150,000 in March?",will-bitcoin-reach-150k-in-march-2026,73624432805780182150964443951045800666977811185963019133914618974858599458273,1666184515532238710431784265702709312060757077236443477960106115591255115343,0.0045,0.9955,0.0044999999999999,6878266.194392932,944097.66396,0.0,0.5,12573960.236995967,ok,gamma/events
d8f6a25e,2026-03-08T13:15:49.055221+00:00,2026-03-08,13,15,pre,crypto,ETH,fixed,238477,1473042,"Will Ethereum reach $4,000 in March?",will-ethereum-reach-4000-in-march-2026,92799638496729089763862479001246438916119767115127271751533536527866552478834,57817609187638877082051374086608861977598876793124526827718549020543647406808,0.0035,0.9965,0.0034999999999999,1242796.6546320051,402582.94876,0.0,0.5,3622423.267121503,ok,gamma/events
d8f6a25e,2026-03-08T13:15:49.055221+00:00,2026-03-08,13,15,pre,crypto,SOL,fixed,238486,1473180,Will Solana reach $160 in March?,will-solana-reach-160-in-march-2026,51434052264606521391274701895857060356227817928326328302355650201056386833442,56366864139724987693887346001806540156648993876362424578246425481555539891929,0.0045,0.9955,0.0044999999999999,342433.78580700053,54486.30772,0.0,0.5,821991.5268705001,ok,gamma/events
d8f6a25e,2026-03-08T13:15:49.055221+00:00,2026-03-08,13,15,pre,stock,BITCOIN,dynamic,249707,1514507,"Bitcoin Up or Down - March 8, 7AM ET",bitcoin-up-or-down-march-8-7am-et,25817794890669397646024658367958898113960333687558329117867640494912648092608,69826167367295251860731276506157499932934052269727006745058479504367508538173,0.0005,0.9995,0.0004999999999999,191628.5781130001,1068493.06332,0.0,0.5,416362.2080525,ok,gamma/events
d8f6a25e,2026-03-08T13:15:49.055221+00:00,2026-03-08,13,15,pre,stock,ETHEREUM,dynamic,249789,1514731,"Ethereum Up or Down - March 8, 8AM ET",ethereum-up-or-down-march-8-8am-et,38642845613104243999918869126030734792125536260146591614480283519116736964704,94986390318083257935925564861342932700841701424071263095023515861090548828105,0.0005,0.9995,0.0004999999999999,54119.86730800002,1042989.74529,0.0,0.5,339985.673906,ok,gamma/events
d8f6a25e,2026-03-08T13:15:49.055221+00:00,2026-03-08,13,15,pre,stock,AAPL,fixed,249781,1514702,Apple (AAPL) Up or Down on March 9?,aapl-up-or-down-on-march-9-2026,19808226147348083897031959012798230973450854960848627704456912704664532346436,13406518761729931961851615682453860241282457569552758228894677915615681094572,0.37,0.63,0.37,3684.716292,585.9233,0.0,1.0,2018.135136,ok,gamma/events
d8f6a25e,2026-03-08T13:15:49.055221+00:00,2026-03-08,13,15,pre,stock,AMZN,fixed,249797,1514757,Amazon (AMZN) Up or Down on March 9?,amzn-up-or-down-on-march-9-2026,80021219607008516528277442260193352185410153761966836886502140161998011892162,108853950520272559879130318602344824962632416557435331993641412412547807514702,0.5,0.5,0.5,34.0,273.3679,0.0,1.0,99.01037,ok,gamma/events
d8f6a25e,2026-03-08T13:15:49.055221+00:00,2026-03-08,13,15,pre,stock,GOOGL,fixed,249802,1514766,Google (GOOGL) Up or Down on March 9?,googl-up-or-down-on-march-9-2026,44094010161024409927882814596723998290878704424720501457902745248193279794638,44108991473389127286246908894094910158330910061089014013289228154594781444101,0.44,0.56,0.4399999999999999,4389.514246999997,1131.2189,0.0,1.0,2536.3183434999987,ok,gamma/events
d8f6a25e,2026-03-08T13:15:49.055221+00:00,2026-03-08,13,15,pre,stock,META,fixed,249807,1514776,Meta (META) Up or Down on March 9?,meta-up-or-down-on-march-9-2026,73166033314283110009347257655712887226811646343697308703062045958407983472737,87372177300150091355978158066364872197704591449573578077878286609425513279007,0.5,0.5,0.5,0.0,286.0997,0.0,0.3333333333333333,85.82991,ok,gamma/events
d8f6a25e,2026-03-08T13:15:49.055221+00:00,2026-03-08,13,15,pre,stock,MSFT,fixed,249788,1514728,Microsoft (MSFT) Up or Down on March 9?,msft-up-or-down-on-march-9-2026,17932175904709841050757450376495648544912859661747335309477900452831421905943,10849812493464692234971662275320979942310477817346053571126235137496324339560,0.495,0.505,0.495,16.388885,243.5797,0.0,1.0,81.26835249999999,ok,gamma/events
d8f6a25e,2026-03-08T13:15:49.055221+00:00,2026-03-08,13,15,pre,stock,NVDA,fixed,249814,1514788,NVIDIA (NVDA) Up or Down on March 9?,nvda-up-or-down-on-march-9-2026,107731417537085896064617291253564218357600872887497859202931430206765912668795,30716536267704046180051595697181677132234959571791300574305038309444561758532,0.405,0.595,0.405,276.317408,430.4564,0.0,1.0,267.295624,ok,gamma/events
d8f6a25e,2026-03-08T13:15:49.055221+00:00,2026-03-08,13,15,pre,stock,QQQ,fixed,249800,1514760,Nasdaq 100 (NDX) Up or Down on March 9?,ndx-up-or-down-on-march-9-2026,41077923857005684486434331436029649826844080557432727127668986516421384271531,42817902740054886564815045991365263663087863431558705933010902738071429912105,0.42,0.58,0.42,5395.630150000002,2500.564,0.0,0.5,3441.538834500001,ok,gamma/events
d8f6a25e,2026-03-08T13:15:49.055221+00:00,2026-03-08,13,15,pre,stock,SPY,fixed,249779,1514700,S&P 500 (SPX) Opens Up or Down on March 9?,spx-opens-up-or-down-on-march-9-2026,41751941435480152233706903670604775275958258669449302421717366992676747977614,45379801591097220611191398942520142321696792130314686981119830430212386629543,0.235,0.765,0.235,24624.245545999984,6634.2039,0.0,0.5,14305.483512999992,ok,gamma/events
d8f6a25e,2026-03-08T13:15:49.055221+00:00,2026-03-08,13,15,pre,stock,TSLA,fixed,249811,1514783,Tesla (TSLA) Up or Down on March 9?,tsla-up-or-down-on-march-9-2026,113248621371775075995138979725094566101118806835417857921889574420383030829670,112523302540312047709742559845090679057036326487943124442344035385727378289601,0.47,0.53,0.47,3092.658483,392.0119,0.0,1.0,1663.9328115,ok,gamma/events
f5e9ca2b,2026-03-08T13:17:55.446993+00:00,2026-03-08,13,17,pre,crypto,DYN_CRYPTO,dynamic,89502,701486,"Will Bitcoin reach $200,000 by December 31, 2026?",will-bitcoin-reach-200000-by-december-31-2026-752-232-389,61368943128255287414565270336856615453000675377332178800733742873558311943412,96993471854400156408670527613150944443359272190785251193551242374636006072800,0.044,0.956,0.044,729528.1053230002,64013.37347,0.0,0.5,11995090.219712472,ok,gamma/events
f5e9ca2b,2026-03-08T13:17:55.446993+00:00,2026-03-08,13,17,pre,crypto,BTC,fixed,238474,1473040,"Will Bitcoin reach $150,000 in March?",will-bitcoin-reach-150k-in-march-2026,73624432805780182150964443951045800666977811185963019133914618974858599458273,1666184515532238710431784265702709312060757077236443477960106115591255115343,0.0045,0.9955,0.0044999999999999,6878415.631892932,1043649.90284,0.0,0.5,12603995.680816468,ok,gamma/events
f5e9ca2b,2026-03-08T13:17:55.446993+00:00,2026-03-08,13,17,pre,crypto,ETH,fixed,238477,1473042,"Will Ethereum reach $4,000 in March?",will-ethereum-reach-4000-in-march-2026,92799638496729089763862479001246438916119767115127271751533536527866552478834,57817609187638877082051374086608861977598876793124526827718549020543647406808,0.0035,0.9965,0.0034999999999999,1242935.0696320052,404100.0335,0.0,0.5,3616171.117365503,ok,gamma/events
f5e9ca2b,2026-03-08T13:17:55.446993+00:00,2026-03-08,13,17,pre,crypto,SOL,fixed,238486,1473180,Will Solana reach $160 in March?,will-solana-reach-160-in-march-2026,51434052264606521391274701895857060356227817928326328302355650201056386833442,56366864139724987693887346001806540156648993876362424578246425481555539891929,0.0045,0.9955,0.0044999999999999,342436.0649220005,54458.05705,0.0,0.5,822311.9860380001,ok,gamma/events
f5e9ca2b,2026-03-08T13:17:55.446993+00:00,2026-03-08,13,17,pre,stock,DJIA,dynamic,249805,1514769,Dow Jones (DJIA) Up or Down on March 9?,djia-up-or-down-on-march-9-2026,52516203409703075672050598502631401237159620104509085217445194025340571273037,3325603703301725367238452019913262249722618961182730781916327109169913321155,0.43,0.57,0.43,11697.637794999995,2404.1101,0.0,0.5,6570.051927499998,ok,gamma/events
f5e9ca2b,2026-03-08T13:17:55.446993+00:00,2026-03-08,13,17,pre,stock,RUT,dynamic,249817,1514793,Russell 2000 (RUT) Up or Down on March 9?,rut-up-or-down-on-march-9-2026,57428543285287597341528689686699296250539981454415394325965394964030076863268,104892791197413121166517940200456279179205094506569283136340591607043161489989,0.645,0.355,0.645,34323.375497000015,819.1131,0.0,0.5,17407.421678500006,ok,gamma/events
f5e9ca2b,2026-03-08T13:17:55.446993+00:00,2026-03-08,13,17,pre,stock,AAPL,fixed,249781,1514702,Apple (AAPL) Up or Down on March 9?,aapl-up-or-down-on-march-9-2026,19808226147348083897031959012798230973450854960848627704456912704664532346436,13406518761729931961851615682453860241282457569552758228894677915615681094572,0.37,0.63,0.37,3684.716292,585.9233,0.0,1.0,2018.135136,ok,gamma/events
f5e9ca2b,2026-03-08T13:17:55.446993+00:00,2026-03-08,13,17,pre,stock,AMZN,fixed,249797,1514757,Amazon (AMZN) Up or Down on March 9?,amzn-up-or-down-on-march-9-2026,80021219607008516528277442260193352185410153761966836886502140161998011892162,108853950520272559879130318602344824962632416557435331993641412412547807514702,0.5,0.5,0.5,34.0,273.3679,0.0,1.0,99.01037,ok,gamma/events
f5e9ca2b,2026-03-08T13:17:55.446993+00:00,2026-03-08,13,17,pre,stock,GOOGL,fixed,249802,1514766,Google (GOOGL) Up or Down on March 9?,googl-up-or-down-on-march-9-2026,44094010161024409927882814596723998290878704424720501457902745248193279794638,44108991473389127286246908894094910158330910061089014013289228154594781444101,0.44,0.56,0.4399999999999999,4389.514246999997,1131.2189,0.0,1.0,2536.3183434999987,ok,gamma/events
f5e9ca2b,2026-03-08T13:17:55.446993+00:00,2026-03-08,13,17,pre,stock,META,fixed,249807,1514776,Meta (META) Up or Down on March 9?,meta-up-or-down-on-march-9-2026,73166033314283110009347257655712887226811646343697308703062045958407983472737,87372177300150091355978158066364872197704591449573578077878286609425513279007,0.5,0.5,0.5,0.0,286.0997,0.0,0.3333333333333333,85.82991,ok,gamma/events
f5e9ca2b,2026-03-08T13:17:55.446993+00:00,2026-03-08,13,17,pre,stock,MSFT,fixed,249788,1514728,Microsoft (MSFT) Up or Down on March 9?,msft-up-or-down-on-march-9-2026,17932175904709841050757450376495648544912859661747335309477900452831421905943,10849812493464692234971662275320979942310477817346053571126235137496324339560,0.495,0.505,0.495,16.388885,243.5797,0.0,1.0,81.26835249999999,ok,gamma/events
f5e9ca2b,2026-03-08T13:17:55.446993+00:00,2026-03-08,13,17,pre,stock,NVDA,fixed,249814,1514788,NVIDIA (NVDA) Up or Down on March 9?,nvda-up-or-down-on-march-9-2026,107731417537085896064617291253564218357600872887497859202931430206765912668795,30716536267704046180051595697181677132234959571791300574305038309444561758532,0.405,0.595,0.405,276.317408,430.4564,0.0,1.0,267.295624,ok,gamma/events
f5e9ca2b,2026-03-08T13:17:55.446993+00:00,2026-03-08,13,17,pre,stock,QQQ,fixed,249800,1514760,Nasdaq 100 (NDX) Up or Down on March 9?,ndx-up-or-down-on-march-9-2026,41077923857005684486434331436029649826844080557432727127668986516421384271531,42817902740054886564815045991365263663087863431558705933010902738071429912105,0.42,0.58,0.42,5395.630150000002,2500.564,0.0,0.5,3447.9842750000007,ok,gamma/events
f5e9ca2b,2026-03-08T13:17:55.446993+00:00,2026-03-08,13,17,pre,stock,SPY,fixed,249779,1514700,S&P 500 (SPX) Opens Up or Down on March 9?,spx-opens-up-or-down-on-march-9-2026,41751941435480152233706903670604775275958258669449302421717366992676747977614,45379801591097220611191398942520142321696792130314686981119830430212386629543,0.235,0.765,0.235,24624.245545999984,6634.2039,0.0,0.5,14305.483512999992,ok,gamma/events
f5e9ca2b,2026-03-08T13:17:55.446993+00:00,2026-03-08,13,17,pre,stock,TSLA,fixed,249811,1514783,Tesla (TSLA) Up or Down on March 9?,tsla-up-or-down-on-march-9-2026,113248621371775075995138979725094566101118806835417857921889574420383030829670,112523302540312047709742559845090679057036326487943124442344035385727378289601,0.47,0.53,0.47,3092.658483,392.0119,0.0,1.0,1663.9328115,ok,gamma/events
f44ba5b6,2026-03-08T13:25:53.281279+00:00,2026-03-08,13,25,pre,crypto,DYN_CRYPTO,dynamic,89502,701486,"Will Bitcoin reach $200,000 by December 31, 2026?",will-bitcoin-reach-200000-by-december-31-2026-752-232-389,61368943128255287414565270336856615453000675377332178800733742873558311943412,96993471854400156408670527613150944443359272190785251193551242374636006072800,0.044,0.956,0.044,729528.1053230002,63508.37407,0.0,0.5,11995468.700211473,ok,gamma/events
f44ba5b6,2026-03-08T13:25:53.281279+00:00,2026-03-08,13,25,pre,crypto,BTC,fixed,238474,1473040,"Will Bitcoin reach $150,000 in March?",will-bitcoin-reach-150k-in-march-2026,73624432805780182150964443951045800666977811185963019133914618974858599458273,1666184515532238710431784265702709312060757077236443477960106115591255115343,0.0045,0.9955,0.0044999999999999,6878415.631892932,1043620.11062,0.0,0.5,12611682.30784347,ok,gamma/events
f44ba5b6,2026-03-08T13:25:53.281279+00:00,2026-03-08,13,25,pre,crypto,ETH,fixed,238477,1473042,"Will Ethereum reach $4,000 in March?",will-ethereum-reach-4000-in-march-2026,92799638496729089763862479001246438916119767115127271751533536527866552478834,57817609187638877082051374086608861977598876793124526827718549020543647406808,0.0035,0.9965,0.0034999999999999,1242935.069632005,405227.78544,0.0,0.5,3616841.631179503,ok,gamma/events
f44ba5b6,2026-03-08T13:25:53.281279+00:00,2026-03-08,13,25,pre,crypto,SOL,fixed,238486,1473180,Will Solana reach $160 in March?,will-solana-reach-160-in-march-2026,51434052264606521391274701895857060356227817928326328302355650201056386833442,56366864139724987693887346001806540156648993876362424578246425481555539891929,0.0045,0.9955,0.0044999999999999,342436.0649220005,54637.22216,0.0,0.5,823029.1823840002,ok,gamma/events
f44ba5b6,2026-03-08T13:25:53.281279+00:00,2026-03-08,13,25,pre,stock,DJIA,dynamic,249805,1514769,Dow Jones (DJIA) Up or Down on March 9?,djia-up-or-down-on-march-9-2026,52516203409703075672050598502631401237159620104509085217445194025340571273037,3325603703301725367238452019913262249722618961182730781916327109169913321155,0.345,0.655,0.345,11699.108381999997,1790.5993,0.0,0.5,6386.733980999998,ok,gamma/events
f44ba5b6,2026-03-08T13:25:53.281279+00:00,2026-03-08,13,25,pre,stock,RUT,dynamic,249817,1514793,Russell 2000 (RUT) Up or Down on March 9?,rut-up-or-down-on-march-9-2026,57428543285287597341528689686699296250539981454415394325965394964030076863268,104892791197413121166517940200456279179205094506569283136340591607043161489989,0.64,0.36,0.64,34323.375497000015,818.0199,0.0,0.5,17407.093718500008,ok,gamma/events
f44ba5b6,2026-03-08T13:25:53.281279+00:00,2026-03-08,13,25,pre,stock,AAPL,fixed,249781,1514702,Apple (AAPL) Up or Down on March 9?,aapl-up-or-down-on-march-9-2026,19808226147348083897031959012798230973450854960848627704456912704664532346436,13406518761729931961851615682453860241282457569552758228894677915615681094572,0.645,0.355,0.645,3690.716292,361.7133,0.0,1.0,1953.872136,ok,gamma/events
f44ba5b6,2026-03-08T13:25:53.281279+00:00,2026-03-08,13,25,pre,stock,AMZN,fixed,249797,1514757,Amazon (AMZN) Up or Down on March 9?,amzn-up-or-down-on-march-9-2026,80021219607008516528277442260193352185410153761966836886502140161998011892162,108853950520272559879130318602344824962632416557435331993641412412547807514702,0.5,0.5,0.5,34.0,273.3679,0.0,1.0,99.01037,ok,gamma/events
f44ba5b6,2026-03-08T13:25:53.281279+00:00,2026-03-08,13,25,pre,stock,GOOGL,fixed,249802,1514766,Google (GOOGL) Up or Down on March 9?,googl-up-or-down-on-march-9-2026,44094010161024409927882814596723998290878704424720501457902745248193279794638,44108991473389127286246908894094910158330910061089014013289228154594781444101,0.445,0.555,0.4449999999999999,4389.514246999997,2311.759,0.0,1.0,2888.2848234999988,ok,gamma/events
f44ba5b6,2026-03-08T13:25:53.281279+00:00,2026-03-08,13,25,pre,stock,META,fixed,249807,1514776,Meta (META) Up or Down on March 9?,meta-up-or-down-on-march-9-2026,73166033314283110009347257655712887226811646343697308703062045958407983472737,87372177300150091355978158066364872197704591449573578077878286609425513279007,0.5,0.5,0.5,0.0,286.0997,0.0,0.3333333333333333,85.82991,ok,gamma/events
f44ba5b6,2026-03-08T13:25:53.281279+00:00,2026-03-08,13,25,pre,stock,MSFT,fixed,249788,1514728,Microsoft (MSFT) Up or Down on March 9?,msft-up-or-down-on-march-9-2026,17932175904709841050757450376495648544912859661747335309477900452831421905943,10849812493464692234971662275320979942310477817346053571126235137496324339560,0.495,0.505,0.495,16.388885,243.5797,0.0,1.0,81.26835249999999,ok,gamma/events
f44ba5b6,2026-03-08T13:25:53.281279+00:00,2026-03-08,13,25,pre,stock,NVDA,fixed,249814,1514788,NVIDIA (NVDA) Up or Down on March 9?,nvda-up-or-down-on-march-9-2026,107731417537085896064617291253564218357600872887497859202931430206765912668795,30716536267704046180051595697181677132234959571791300574305038309444561758532,0.405,0.595,0.405,276.317408,416.7364,0.0,1.0,263.179624,ok,gamma/events
f44ba5b6,2026-03-08T13:25:53.281279+00:00,2026-03-08,13,25,pre,stock,QQQ,fixed,249800,1514760,Nasdaq 100 (NDX) Up or Down on March 9?,ndx-up-or-down-on-march-9-2026,41077923857005684486434331436029649826844080557432727127668986516421384271531,42817902740054886564815045991365263663087863431558705933010902738071429912105,0.42,0.58,0.42,5395.630150000002,2385.994,0.0,0.5,3447.9842750000007,ok,gamma/events
f44ba5b6,2026-03-08T13:25:53.281279+00:00,2026-03-08,13,25,pre,stock,SPY,fixed,249779,1514700,S&P 500 (SPX) Opens Up or Down on March 9?,spx-opens-up-or-down-on-march-9-2026,41751941435480152233706903670604775275958258669449302421717366992676747977614,45379801591097220611191398942520142321696792130314686981119830430212386629543,0.195,0.805,0.1949999999999999,24655.736150999983,6576.8431,0.0,0.5,14300.921005499991,ok,gamma/events
f44ba5b6,2026-03-08T13:25:53.281279+00:00,2026-03-08,13,25,pre,stock,TSLA,fixed,249811,1514783,Tesla (TSLA) Up or Down on March 9?,tsla-up-or-down-on-march-9-2026,113248621371775075995138979725094566101118806835417857921889574420383030829670,112523302540312047709742559845090679057036326487943124442344035385727378289601,0.47,0.53,0.47,3092.658483,392.0119,0.0,1.0,1663.9328115,ok,gamma/events
31a01469,2026-03-08T13:35:11.404722+00:00,2026-03-08,13,35,open,crypto,DYN_CRYPTO,dynamic,89502,701486,"Will Bitcoin reach $200,000 by December 31, 2026?",will-bitcoin-reach-200000-by-december-31-2026-752-232-389,61368943128255287414565270336856615453000675377332178800733742873558311943412,96993471854400156408670527613150944443359272190785251193551242374636006072800,0.044,0.956,0.04400000000000002,729528.1053230002,64512.68353,0.0,0.5,11995468.700211473,ok,gamma/events
31a01469,2026-03-08T13:35:11.404722+00:00,2026-03-08,13,35,open,crypto,BTC,fixed,238474,1473040,"Will Bitcoin reach $150,000 in March?",will-bitcoin-reach-150k-in-march-2026,73624432805780182150964443951045800666977811185963019133914618974858599458273,1666184515532238710431784265702709312060757077236443477960106115591255115343,0.0045,0.9955,0.0044999999999999745,6896550.397142932,1041963.79358,0.0,0.5,12611682.30784347,ok,gamma/events
31a01469,2026-03-08T13:35:11.404722+00:00,2026-03-08,13,35,open,crypto,ETH,fixed,238477,1473042,"Will Ethereum reach $4,000 in March?",will-ethereum-reach-4000-in-march-2026,92799638496729089763862479001246438916119767115127271751533536527866552478834,57817609187638877082051374086608861977598876793124526827718549020543647406808,0.0035,0.9965,0.0034999999999999736,1243094.487632005,405171.75544,0.0,0.5,3616841.631179503,ok,gamma/events
31a01469,2026-03-08T13:35:11.404722+00:00,2026-03-08,13,35,open,crypto,SOL,fixed,238486,1473180,Will Solana reach $160 in March?,will-solana-reach-160-in-march-2026,51434052264606521391274701895857060356227817928326328302355650201056386833442,56366864139724987693887346001806540156648993876362424578246425481555539891929,0.0045,0.9955,0.0044999999999999745,342436.0649220005,51703.36213,0.0,0.5,823029.1823840002,ok,gamma/events
31a01469,2026-03-08T13:35:11.404722+00:00,2026-03-08,13,35,open,stock,DJIA,dynamic,249805,1514769,Dow Jones (DJIA) Up or Down on March 9?,djia-up-or-down-on-march-9-2026,52516203409703075672050598502631401237159620104509085217445194025340571273037,3325603703301725367238452019913262249722618961182730781916327109169913321155,0.44,0.56,0.43999999999999995,11699.108381999995,2200.3865,0.0,0.5,6386.733980999998,ok,gamma/events
31a01469,2026-03-08T13:35:11.404722+00:00,2026-03-08,13,35,open,stock,RUT,dynamic,249817,1514793,Russell 2000 (RUT) Up or Down on March 9?,rut-up-or-down-on-march-9-2026,57428543285287597341528689686699296250539981454415394325965394964030076863268,104892791197413121166517940200456279179205094506569283136340591607043161489989,0.655,0.345,0.655,34323.375497000015,664.3611,0.0,0.5,17407.093718500008,ok,gamma/events
31a01469,2026-03-08T13:35:11.404722+00:00,2026-03-08,13,35,open,stock,AAPL,fixed,249781,1514702,Apple (AAPL) Up or Down on March 9?,aapl-up-or-down-on-march-9-2026,19808226147348083897031959012798230973450854960848627704456912704664532346436,13406518761729931961851615682453860241282457569552758228894677915615681094572,0.375,0.625,0.375,3717.716292,351.7133,0.0,1.0,1953.872136,ok,gamma/events
31a01469,2026-03-08T13:35:11.404722+00:00,2026-03-08,13,35,open,stock,AMZN,fixed,249797,1514757,Amazon (AMZN) Up or Down on March 9?,amzn-up-or-down-on-march-9-2026,80021219607008516528277442260193352185410153761966836886502140161998011892162,108853950520272559879130318602344824962632416557435331993641412412547807514702,0.5,0.5,0.5,34.0,223.8679,0.0,1.0,99.01037,ok,gamma/events
31a01469,2026-03-08T13:35:11.404722+00:00,2026-03-08,13,35,open,stock,GOOGL,fixed,249802,1514766,Google (GOOGL) Up or Down on March 9?,googl-up-or-down-on-march-9-2026,44094010161024409927882814596723998290878704424720501457902745248193279794638,44108991473389127286246908894094910158330910061089014013289228154594781444101,0.44,0.56,0.43999999999999995,4429.514246999997,2180.7373,0.0,1.0,2888.2848234999988,ok,gamma/events
31a01469,2026-03-08T13:35:11.404722+00:00,2026-03-08,13,35,open,stock,META,fixed,249807,1514776,Meta (META) Up or Down on March 9?,meta-up-or-down-on-march-9-2026,73166033314283110009347257655712887226811646343697308703062045958407983472737,87372177300150091355978158066364872197704591449573578077878286609425513279007,0.5,0.5,0.5,0.0,287.8997,0.0,0.3333333333333333,85.82991,ok,gamma/events
31a01469,2026-03-08T13:35:11.404722+00:00,2026-03-08,13,35,open,stock,MSFT,fixed,249788,1514728,Microsoft (MSFT) Up or Down on March 9?,msft-up-or-down-on-march-9-2026,17932175904709841050757450376495648544912859661747335309477900452831421905943,10849812493464692234971662275320979942310477817346053571126235137496324339560,0.495,0.505,0.495,16.388885,244.5547,0.0,1.0,81.26835249999999,ok,gamma/events
31a01469,2026-03-08T13:35:11.404722+00:00,2026-03-08,13,35,open,stock,NVDA,fixed,249814,1514788,NVIDIA (NVDA) Up or Down on March 9?,nvda-up-or-down-on-march-9-2026,107731417537085896064617291253564218357600872887497859202931430206765912668795,30716536267704046180051595697181677132234959571791300574305038309444561758532,0.405,0.595,0.405,276.317408,431.3564,0.0,1.0,263.179624,ok,gamma/events
31a01469,2026-03-08T13:35:11.404722+00:00,2026-03-08,13,35,open,stock,QQQ,fixed,249800,1514760,Nasdaq 100 (NDX) Up or Down on March 9?,ndx-up-or-down-on-march-9-2026,41077923857005684486434331436029649826844080557432727127668986516421384271531,42817902740054886564815045991365263663087863431558705933010902738071429912105,0.42,0.58,0.42000000000000004,5395.630150000002,2451.3524,0.0,0.5,3447.9842750000007,ok,gamma/events
31a01469,2026-03-08T13:35:11.404722+00:00,2026-03-08,13,35,open,stock,SPY,fixed,249779,1514700,S&P 500 (SPX) Opens Up or Down on March 9?,spx-opens-up-or-down-on-march-9-2026,41751941435480152233706903670604775275958258669449302421717366992676747977614,45379801591097220611191398942520142321696792130314686981119830430212386629543,0.215,0.785,0.21499999999999997,24676.604771999984,6642.0466,0.0,0.5,14300.921005499991,ok,gamma/events
31a01469,2026-03-08T13:35:11.404722+00:00,2026-03-08,13,35,open,stock,TSLA,fixed,249811,1514783,Tesla (TSLA) Up or Down on March 9?,tsla-up-or-down-on-march-9-2026,113248621371775075995138979725094566101118806835417857921889574420383030829670,112523302540312047709742559845090679057036326487943124442344035385727378289601,0.47,0.53,0.47,3092.658483,392.9869,0.0,1.0,1663.9328115,ok,gamma/events
